name,age
honey,24
sravya,22
name,age
honey,24
sravya,22
name,age
honey,24
sravya,22
name,age
honey,24
sravya,22
name,age
honey,24
sravya,22
name,age
honey,24
sravya,22
name,age
honey,24
sravya,22
name,age
honey,24
sravya,22
name,age
honey,24
sravya,22
name,age
honey,24
sravya,22
name,age
honey,24
sravya,22
name,age
honey,24
sravya,22
name,age
honey,24
sravya,22
name,age
honey,24
sravya,22
name,age
honey,24
sravya,22
name,age
honey,24
sravya,22
name,age
honey,24
sravya,22
name,age
honey,24
sravya,22
name,age
honey,24
sravya,22
name,age
honey,24
sravya,22
name,age
honey,24
sravya,22
name,age
honey,24
sravya,22
name,age
honey,24
sravya,22
name,age
honey,24
sravya,22


